{"cameraMode":{"drawMode":0,"name":"Shaded","section":"Shading Mode"},"sceneLighting":true,"audioPlay":false,"sceneViewState":{"m_AlwaysRefresh":false,"showFog":true,"showSkybox":false,"showFlares":true,"showImageEffects":true,"showParticleSystems":true,"showVisualEffectGraphs":true,"m_FxEnabled":true},"in2DMode":false,"pivot":{"x":-22.420000076293947,"y":2.121999740600586,"z":-14.139999389648438},"rotation":{"x":0.15465715527534486,"y":0.33221161365509035,"z":-0.055320899933576587,"w":0.9287998676300049},"size":0.8660253882408142,"orthographic":false}